,Species,PfCRT Isoform,Amino Acid Sequence,PSA value,PPQ Resistance,CQ IC50 (nM),CQ Resistance,Fitness,PMCID
0,P. falciparum,WT,MKFASKKNNQKNSSKNDERYRELDNLVQEGNGSRLGGGSCLGKCAHVFKLIFKEIKDNIFIYILSIIYLSVCVMNKIFAKRTLNKIGNYSFVTSETHNFICMIMFFIVYSLFGNKKGNSKERHRSFNLQFFAISMLDACSVILAFIGLTRTTGNIQSFVLQLSIPINMFFCFLILRYRYHLYNYLGAVIIVVTIALVEMKLSFETQEENSIIFNLVLISALIPVCFSNMTREIVFKKYKIDILRLNAMVSFFQLFTSCLILPVYTLPFLKQLHLPYNEIWTNIKNGFACLFLGRNTVVENCGLGMAKLCDDCDGAWKTFALFSFFNICDNLITSYIIDKFSTMTYTIVSCIQGPAIAIAYYFKFLAGDVVREPRLLDFVTLFGYLFGSIIYRVGNIILERKKMRNEENEDSEGELTNVDSIITQ,0.22,0,17.1,0,1,35130315
1,P. falciparum,Dd2,MKFASKKNNQKNSSKNDERYRELDNLVQEGNGSRLGGGSCLGKCAHVFKLIFKEIKDNIFIYILSIIYLSVCVIETIFAKRTLNKIGNYSFVTSETHNFICMIMFFIVYSLFGNKKGNSKERHRSFNLQFFAISMLDACSVILAFIGLTRTTGNIQSFVLQLSIPINMFFCFLILRYRYHLYNYLGAVIIVVTIALVEMKLSFETQEENSIIFNLVLISSLIPVCFSNMTREIVFKKYKIDILRLNAMVSFFQLFTSCLILPVYTLPFLKELHLPYNEIWTNIKNGFACLFLGRNTVVENCGLGMAKLCDDCDGAWKTFALFSFFSICDNLITSYIIDKFSTMTYTIVSCIQGPATAIAYYFKFLAGDVVIEPRLLDFVTLFGYLFGSIIYRVGNIILERKKMRNEENEDSEGELTNVDSIITQ,1.1,0,117.5,2,1,35130315
2,P. falciparum,Dd2+T93S,MKFASKKNNQKNSSKNDERYRELDNLVQEGNGSRLGGGSCLGKCAHVFKLIFKEIKDNIFIYILSIIYLSVCVIETIFAKRTLNKIGNYSFVSSETHNFICMIMFFIVYSLFGNKKGNSKERHRSFNLQFFAISMLDACSVILAFIGLTRTTGNIQSFVLQLSIPINMFFCFLILRYRYHLYNYLGAVIIVVTIALVEMKLSFETQEENSIIFNLVLISSLIPVCFSNMTREIVFKKYKIDILRLNAMVSFFQLFTSCLILPVYTLPFLKELHLPYNEIWTNIKNGFACLFLGRNTVVENCGLGMAKLCDDCDGAWKTFALFSFFSICDNLITSYIIDKFSTMTYTIVSCIQGPATAIAYYFKFLAGDVVIEPRLLDFVTLFGYLFGSIIYRVGNIILERKKMRNEENEDSEGELTNVDSIITQ,10,2,61.9,1,0,31657776
3,P. falciparum,Dd2+H97Y,MKFASKKNNQKNSSKNDERYRELDNLVQEGNGSRLGGGSCLGKCAHVFKLIFKEIKDNIFIYILSIIYLSVCVIETIFAKRTLNKIGNYSFVTSETYNFICMIMFFIVYSLFGNKKGNSKERHRSFNLQFFAISMLDACSVILAFIGLTRTTGNIQSFVLQLSIPINMFFCFLILRYRYHLYNYLGAVIIVVTIALVEMKLSFETQEENSIIFNLVLISSLIPVCFSNMTREIVFKKYKIDILRLNAMVSFFQLFTSCLILPVYTLPFLKELHLPYNEIWTNIKNGFACLFLGRNTVVENCGLGMAKLCDDCDGAWKTFALFSFFSICDNLITSYIIDKFSTMTYTIVSCIQGPATAIAYYFKFLAGDVVIEPRLLDFVTLFGYLFGSIIYRVGNIILERKKMRNEENEDSEGELTNVDSIITQ,,,,,1,30115924
4,P. falciparum,Dd2+F145I,MKFASKKNNQKNSSKNDERYRELDNLVQEGNGSRLGGGSCLGKCAHVFKLIFKEIKDNIFIYILSIIYLSVCVIETIFAKRTLNKIGNYSFVTSETHNFICMIMFFIVYSLFGNKKGNSKERHRSFNLQFFAISMLDACSVILAIIGLTRTTGNIQSFVLQLSIPINMFFCFLILRYRYHLYNYLGAVIIVVTIALVEMKLSFETQEENSIIFNLVLISSLIPVCFSNMTREIVFKKYKIDILRLNAMVSFFQLFTSCLILPVYTLPFLKELHLPYNEIWTNIKNGFACLFLGRNTVVENCGLGMAKLCDDCDGAWKTFALFSFFSICDNLITSYIIDKFSTMTYTIVSCIQGPATAIAYYFKFLAGDVVIEPRLLDFVTLFGYLFGSIIYRVGNIILERKKMRNEENEDSEGELTNVDSIITQ,24.4,2,32,0,0,35130315
5,P. falciparum,Dd2+C101F,MKFASKKNNQKNSSKNDERYRELDNLVQEGNGSRLGGGSCLGKCAHVFKLIFKEIKDNIFIYILSIIYLSVCVIETIFAKRTLNKIGNYSFVTSETHNFIFMIMFFIVYSLFGNKKGNSKERHRSFNLQFFAISMLDACSVILAFIGLTRTTGNIQSFVLQLSIPINMFFCFLILRYRYHLYNYLGAVIIVVTIALVEMKLSFETQEENSIIFNLVLISSLIPVCFSNMTREIVFKKYKIDILRLNAMVSFFQLFTSCLILPVYTLPFLKELHLPYNEIWTNIKNGFACLFLGRNTVVENCGLGMAKLCDDCDGAWKTFALFSFFSICDNLITSYIIDKFSTMTYTIVSCIQGPATAIAYYFKFLAGDVVIEPRLLDFVTLFGYLFGSIIYRVGNIILERKKMRNEENEDSEGELTNVDSIITQ,39.3,2,32.9,0,,28487425
6,P. falciparum,Dd2+I218F,MKFASKKNNQKNSSKNDERYRELDNLVQEGNGSRLGGGSCLGKCAHVFKLIFKEIKDNIFIYILSIIYLSVCVIETIFAKRTLNKIGNYSFVTSETHNFICMIMFFIVYSLFGNKKGNSKERHRSFNLQFFAISMLDACSVILAFIGLTRTTGNIQSFVLQLSIPINMFFCFLILRYRYHLYNYLGAVIIVVTIALVEMKLSFETQEENSIIFNLVLFSSLIPVCFSNMTREIVFKKYKIDILRLNAMVSFFQLFTSCLILPVYTLPFLKELHLPYNEIWTNIKNGFACLFLGRNTVVENCGLGMAKLCDDCDGAWKTFALFSFFSICDNLITSYIIDKFSTMTYTIVSCIQGPATAIAYYFKFLAGDVVIEPRLLDFVTLFGYLFGSIIYRVGNIILERKKMRNEENEDSEGELTNVDSIITQ,10.3,2,36.7,0,1,31657776
7,P. falciparum,Dd2+N246H,MKFASKKNNQKNSSKNDERYRELDNLVQEGNGSRLGGGSCLGKCAHVFKLIFKEIKDNIFIYILSIIYLSVCVIETIFAKRTLNKIGNYSFVTSETHNFICMIMFFIVYSLFGNKKGNSKERHRSFNLQFFAISMLDACSVILAFIGLTRTTGNIQSFVLQLSIPINMFFCFLILRYRYHLYNYLGAVIIVVTIALVEMKLSFETQEENSIIFNLVLISSLIPVCFSNMTREIVFKKYKIDILRLHAMVSFFQLFTSCLILPVYTLPFLKELHLPYNEIWTNIKNGFACLFLGRNTVVENCGLGMAKLCDDCDGAWKTFALFSFFSICDNLITSYIIDKFSTMTYTIVSCIQGPATAIAYYFKFLAGDVVIEPRLLDFVTLFGYLFGSIIYRVGNIILERKKMRNEENEDSEGELTNVDSIITQ,,0,,0,,unpub
8,P. falciparum,Dd2+M343L,MKFASKKNNQKNSSKNDERYRELDNLVQEGNGSRLGGGSCLGKCAHVFKLIFKEIKDNIFIYILSIIYLSVCVIETIFAKRTLNKIGNYSFVTSETHNFICMIMFFIVYSLFGNKKGNSKERHRSFNLQFFAISMLDACSVILAFIGLTRTTGNIQSFVLQLSIPINMFFCFLILRYRYHLYNYLGAVIIVVTIALVEMKLSFETQEENSIIFNLVLISSLIPVCFSNMTREIVFKKYKIDILRLNAMVSFFQLFTSCLILPVYTLPFLKELHLPYNEIWTNIKNGFACLFLGRNTVVENCGLGMAKLCDDCDGAWKTFALFSFFSICDNLITSYIIDKFSTLTYTIVSCIQGPATAIAYYFKFLAGDVVIEPRLLDFVTLFGYLFGSIIYRVGNIILERKKMRNEENEDSEGELTNVDSIITQ,12.4,2,41.8,1,1,30115924
9,P. falciparum,Dd2+G353V,MKFASKKNNQKNSSKNDERYRELDNLVQEGNGSRLGGGSCLGKCAHVFKLIFKEIKDNIFIYILSIIYLSVCVIETIFAKRTLNKIGNYSFVTSETHNFICMIMFFIVYSLFGNKKGNSKERHRSFNLQFFAISMLDACSVILAFIGLTRTTGNIQSFVLQLSIPINMFFCFLILRYRYHLYNYLGAVIIVVTIALVEMKLSFETQEENSIIFNLVLISSLIPVCFSNMTREIVFKKYKIDILRLNAMVSFFQLFTSCLILPVYTLPFLKELHLPYNEIWTNIKNGFACLFLGRNTVVENCGLGMAKLCDDCDGAWKTFALFSFFSICDNLITSYIIDKFSTMTYTIVSCIQVPATAIAYYFKFLAGDVVIEPRLLDFVTLFGYLFGSIIYRVGNIILERKKMRNEENEDSEGELTNVDSIITQ,16.7,2,54.6,1,0,30115924
10,P. falciparum,Dd2+F145I+I347T,MKFASKKNNQKNSSKNDERYRELDNLVQEGNGSRLGGGSCLGKCAHVFKLIFKEIKDNIFIYILSIIYLSVCVIETIFAKRTLNKIGNYSFVTSETHNFICMIMFFIVYSLFGNKKGNSKERHRSFNLQFFAISMLDACSVILAIIGLTRTTGNIQSFVLQLSIPINMFFCFLILRYRYHLYNYLGAVIIVVTIALVEMKLSFETQEENSIIFNLVLISSLIPVCFSNMTREIVFKKYKIDILRLNAMVSFFQLFTSCLILPVYTLPFLKELHLPYNEIWTNIKNGFACLFLGRNTVVENCGLGMAKLCDDCDGAWKTFALFSFFSICDNLITSYIIDKFSTMTYTTVSCIQGPATAIAYYFKFLAGDVVIEPRLLDFVTLFGYLFGSIIYRVGNIILERKKMRNEENEDSEGELTNVDSIITQ,3.2,0,42.4,1,1,unpub
11,P. falciparum,Dd2+F131C+F145I,MKFASKKNNQKNSSKNDERYRELDNLVQEGNGSRLGGGSCLGKCAHVFKLIFKEIKDNIFIYILSIIYLSVCVIETIFAKRTLNKIGNYSFVTSETHNFICMIMFFIVYSLFGNKKGNSKERHRSFNLQFCAISMLDACSVILAIIGLTRTTGNIQSFVLQLSIPINMFFCFLILRYRYHLYNYLGAVIIVVTIALVEMKLSFETQEENSIIFNLVLISSLIPVCFSNMTREIVFKKYKIDILRLNAMVSFFQLFTSCLILPVYTLPFLKELHLPYNEIWTNIKNGFACLFLGRNTVVENCGLGMAKLCDDCDGAWKTFALFSFFSICDNLITSYIIDKFSTMTYTIVSCIQGPATAIAYYFKFLAGDVVIEPRLLDFVTLFGYLFGSIIYRVGNIILERKKMRNEENEDSEGELTNVDSIITQ,12.1,2,30.2,0,0,unpub
12,P. falciparum,Dd2+F145I+C258W,MKFASKKNNQKNSSKNDERYRELDNLVQEGNGSRLGGGSCLGKCAHVFKLIFKEIKDNIFIYILSIIYLSVCVIETIFAKRTLNKIGNYSFVTSETHNFICMIMFFIVYSLFGNKKGNSKERHRSFNLQFFAISMLDACSVILAIIGLTRTTGNIQSFVLQLSIPINMFFCFLILRYRYHLYNYLGAVIIVVTIALVEMKLSFETQEENSIIFNLVLISSLIPVCFSNMTREIVFKKYKIDILRLNAMVSFFQLFTSWLILPVYTLPFLKELHLPYNEIWTNIKNGFACLFLGRNTVVENCGLGMAKLCDDCDGAWKTFALFSFFSICDNLITSYIIDKFSTMTYTIVSCIQGPATAIAYYFKFLAGDVVIEPRLLDFVTLFGYLFGSIIYRVGNIILERKKMRNEENEDSEGELTNVDSIITQ,,,,,,unpub
13,P. falciparum,Dd2+I218F+A195V,MKFASKKNNQKNSSKNDERYRELDNLVQEGNGSRLGGGSCLGKCAHVFKLIFKEIKDNIFIYILSIIYLSVCVIETIFAKRTLNKIGNYSFVTSETHNFICMIMFFIVYSLFGNKKGNSKERHRSFNLQFFAISMLDACSVILAFIGLTRTTGNIQSFVLQLSIPINMFFCFLILRYRYHLYNYLGAVIIVVTIVLVEMKLSFETQEENSIIFNLVLFSSLIPVCFSNMTREIVFKKYKIDILRLNAMVSFFQLFTSCLILPVYTLPFLKELHLPYNEIWTNIKNGFACLFLGRNTVVENCGLGMAKLCDDCDGAWKTFALFSFFSICDNLITSYIIDKFSTMTYTIVSCIQGPATAIAYYFKFLAGDVVIEPRLLDFVTLFGYLFGSIIYRVGNIILERKKMRNEENEDSEGELTNVDSIITQ,,,,,,unpub
14,P. falciparum,Dd2+A144Y,MKFASKKNNQKNSSKNDERYRELDNLVQEGNGSRLGGGSCLGKCAHVFKLIFKEIKDNIFIYILSIIYLSVCVIETIFAKRTLNKIGNYSFVTSETHNFICMIMFFIVYSLFGNKKGNSKERHRSFNLQFFAISMLDACSVILYFIGLTRTTGNIQSFVLQLSIPINMFFCFLILRYRYHLYNYLGAVIIVVTIALVEMKLSFETQEENSIIFNLVLISSLIPVCFSNMTREIVFKKYKIDILRLNAMVSFFQLFTSCLILPVYTLPFLKELHLPYNEIWTNIKNGFACLFLGRNTVVENCGLGMAKLCDDCDGAWKTFALFSFFSICDNLITSYIIDKFSTMTYTIVSCIQGPATAIAYYFKFLAGDVVIEPRLLDFVTLFGYLFGSIIYRVGNIILERKKMRNEENEDSEGELTNVDSIITQ,1.6,0,95.6,2,1,35130315
15,P. falciparum,GB4,MKFASKKNNQKNSSKNDERYRELDNLVQEGNGSRLGGGSCLGKCAHVFKLIFKEIKDNIFIYILSIIYLSVCVIETIFAKRTLNKIGNYSFVTSETHNFICMIMFFIVYSLFGNKKGNSKERHRSFNLQFFAISMLDACSVILAFIGLTRTTGNIQSFVLQLSIPINMFFCFLILRYRYHLYNYLGAVIIVVTIALVEMKLSFETQEENSIIFNLVLISSLIPVCFSNMTREIVFKKYKIDILRLNAMVSFFQLFTSCLILPVYTLPFLKELHLPYNEIWTNIKNGFACLFLGRNTVVENCGLGMAKLCDDCDGAWKTFALFSFFNICDNLITSYIIDKFSTMTYTIVSCIQGPAIAIAYYFKFLAGDVVIEPRLLDFVTLFGYLFGSIIYRVGNIILERKKMRNEENEDSEGELTNVDSIITQ,0.3,0,56.4,1,1,35130315
16,P. falciparum,GB4 F145I,MKFASKKNNQKNSSKNDERYRELDNLVQEGNGSRLGGGSCLGKCAHVFKLIFKEIKDNIFIYILSIIYLSVCVIETIFAKRTLNKIGNYSFVTSETHNFICMIMFFIVYSLFGNKKGNSKERHRSFNLQFFAISMLDACSVILAIIGLTRTTGNIQSFVLQLSIPINMFFCFLILRYRYHLYNYLGAVIIVVTIALVEMKLSFETQEENSIIFNLVLISSLIPVCFSNMTREIVFKKYKIDILRLNAMVSFFQLFTSCLILPVYTLPFLKELHLPYNEIWTNIKNGFACLFLGRNTVVENCGLGMAKLCDDCDGAWKTFALFSFFNICDNLITSYIIDKFSTMTYTIVSCIQGPAIAIAYYFKFLAGDVVIEPRLLDFVTLFGYLFGSIIYRVGNIILERKKMRNEENEDSEGELTNVDSIITQ,38.5,2,16.2,0,0,unpub
17,P. falciparum,GB4 G353V,MKFASKKNNQKNSSKNDERYRELDNLVQEGNGSRLGGGSCLGKCAHVFKLIFKEIKDNIFIYILSIIYLSVCVIETIFAKRTLNKIGNYSFVTSETHNFICMIMFFIVYSLFGNKKGNSKERHRSFNLQFFAISMLDACSVILAFIGLTRTTGNIQSFVLQLSIPINMFFCFLILRYRYHLYNYLGAVIIVVTIALVEMKLSFETQEENSIIFNLVLISSLIPVCFSNMTREIVFKKYKIDILRLNAMVSFFQLFTSCLILPVYTLPFLKELHLPYNEIWTNIKNGFACLFLGRNTVVENCGLGMAKLCDDCDGAWKTFALFSFFNICDNLITSYIIDKFSTMTYTIVSCIQVPAIAIAYYFKFLAGDVVIEPRLLDFVTLFGYLFGSIIYRVGNIILERKKMRNEENEDSEGELTNVDSIITQ,,,,,0,unpub
18,P. falciparum,China B,MKFASKKNNQKNSSKNDERYRELDNLVQEGNGSRLGGGSCLGKCAHVFKLIFKEIKDNIFIYILSIIYLSVCVIDTIFAKRTLNKIGNYSFVTSETHNFICMIMFFIVYSLFGNKKGNSKERHRSFNLQFFAISMLDACSVILYFIGLTRTTGNIQSFVLQLSIPINMFFCFLILRYRYHLYNYLGAVIIVVTIALVEMKLSFETQEENSIIFNLVLISALIPVCFSNMTREIVFKKYKIDILRLNAMVSFFQLFTSCLILPVYTLPFLKELHLPYNEIWTNIKNGFACLFLGRNTVVENCGLGMAKLCDDCDGAWKTFALFSFFNICDNLITSYIIDKFSTMTYTIVSCIQGPAIAIAYYFKFLAGDVVREPRLLDFVTLFGYLFGSIIYRVGNIILERKKMRNEENEDSEGELTNVDSIITQ,0.8,0,18.8,0,1,35130315
19,P. falciparum,China E,MKFASKKNNQKNSSKNDERYRELDNLVQEGNGSRLGGGSCLGKCAHVFKLIFKEIKDNIFIYILSIIYLSVCVIETIFAKRTLNKIGNYSFVTSETHNFICMIMFFIVYSLFGNKKGNSKERHRSFNLQFFAISMLDACSVILAFIGLTRTTGNIQSFVLQLSIPINMFFCFLILRYRYHLYNYLGAVIIVVTIALVEMKLSFETQEENSIIFNLVLISSLIPVCFSNMTREIVFKKYKIDILRLNAMVSFFQLFTSCLILPVYTLPFLKELHLPYNEIWTNIKNGFACLFLGRNTVVENCGLGMAKLCDDCDGAWKTFALFSFFNICDNLITSYIIDKFSTMTYTIVSCIQGPAIAIAYYFKFLAGDVVREPRLLDFVTLFGYLFGSIIYRVGNIILERKKMRNEENEDSEGELTNVDSIITQ,1.2,0,28.7,0,1,35130315
20,P. falciparum,China C,MKFASKKNNQKNSSKNDERYRELDNLVQEGNGSRLGGGSCLGKCAHVFKLIFKEIKDNIFIYILSIIYLSVCVIDTIFAKRTLNKIGNYSFVTSETHNFICMIMFFIVYSLFGNKKGNSKERHRSFNLQFFAISMLDACSVILYFIGLTRTTGNIQSFVLQLSIPINMFFCFLILRYRYHLYNYLGAVIIVVTIALVEMKLSFETQEENSIIFNLVLISALIPVCFSNMTREIVFKKYKIDILRLNAMVSFFQLFTSCLILPVYTLPFLKELHLPYNEIWTNIKNGFACLFLGRNTVVENCGLGMAKLCDDCDGAWKTFALFSFFNICDNLITSYIIDKFSTMTYTIVSCIQGPAIAIAYYFKFLAGDVVIEPRLLDFVTLFGYLFGSIIYRVGNIILERKKMRNEENEDSEGELTNVDSIITQ,5.9,1,11.9,0,0,35130315
21,P. falciparum,GB4 T93S,MKFASKKNNQKNSSKNDERYRELDNLVQEGNGSRLGGGSCLGKCAHVFKLIFKEIKDNIFIYILSIIYLSVCVIETIFAKRTLNKIGNYSFVSSETHNFICMIMFFIVYSLFGNKKGNSKERHRSFNLQFFAISMLDACSVILAFIGLTRTTGNIQSFVLQLSIPINMFFCFLILRYRYHLYNYLGAVIIVVTIALVEMKLSFETQEENSIIFNLVLISSLIPVCFSNMTREIVFKKYKIDILRLNAMVSFFQLFTSCLILPVYTLPFLKELHLPYNEIWTNIKNGFACLFLGRNTVVENCGLGMAKLCDDCDGAWKTFALFSFFNICDNLITSYIIDKFSTMTYTIVSCIQGPAIAIAYYFKFLAGDVVIEPRLLDFVTLFGYLFGSIIYRVGNIILERKKMRNEENEDSEGELTNVDSIITQ,1.9,0,60.5,1,,unpub
22,P. falciparum,GB4 I218F,MKFASKKNNQKNSSKNDERYRELDNLVQEGNGSRLGGGSCLGKCAHVFKLIFKEIKDNIFIYILSIIYLSVCVIETIFAKRTLNKIGNYSFVTSETHNFICMIMFFIVYSLFGNKKGNSKERHRSFNLQFFAISMLDACSVILAFIGLTRTTGNIQSFVLQLSIPINMFFCFLILRYRYHLYNYLGAVIIVVTIALVEMKLSFETQEENSIIFNLVLFSSLIPVCFSNMTREIVFKKYKIDILRLNAMVSFFQLFTSCLILPVYTLPFLKELHLPYNEIWTNIKNGFACLFLGRNTVVENCGLGMAKLCDDCDGAWKTFALFSFFNICDNLITSYIIDKFSTMTYTIVSCIQGPAIAIAYYFKFLAGDVVIEPRLLDFVTLFGYLFGSIIYRVGNIILERKKMRNEENEDSEGELTNVDSIITQ,1.6,0,27.45,0,,unpub
23,P. falciparum,Cam783,MKFASKKNNQKNSSKNDERYRELDNLVQEGNGSRLGGGSCLGKCAHVFKLIFKEIKDNIFIYILSIIYLSVCVIETIFAKRTLNKIGNYSFVTSETHNFICMIMFFIVYSLFGNKKGNSKERHRSFNLQFFAISMLDACSVILAFIGLTRTTGNIQSFVLQLSIPINMFFCFLILRYRYHLYNYLGAVIIVVTIALVEMKLSFETQEENSIIFNLVLISSLIPVCFSNMTREIVFKKYKIDILRLNAMVSFFQLFTSCLILPVYTLPFLKELHLPYNEIWTNIKNGFACLFLGRNTVVENCGLGMAKLCDDCDGAWKTFALFSFFNICDNLITSYIIDKFSTMTYTIVSCIQGPATAIAYYFKFLAGDVVIEPRLLDFVTLFGYLFGSIIYRVGNIILERKKMRNEENEDSEGELTNVDSIITQ,1,0,109.7,2,,unpub
24,P. falciparum,Cam783 T93S,MKFASKKNNQKNSSKNDERYRELDNLVQEGNGSRLGGGSCLGKCAHVFKLIFKEIKDNIFIYILSIIYLSVCVIETIFAKRTLNKIGNYSFVSSETHNFICMIMFFIVYSLFGNKKGNSKERHRSFNLQFFAISMLDACSVILAFIGLTRTTGNIQSFVLQLSIPINMFFCFLILRYRYHLYNYLGAVIIVVTIALVEMKLSFETQEENSIIFNLVLISSLIPVCFSNMTREIVFKKYKIDILRLNAMVSFFQLFTSCLILPVYTLPFLKELHLPYNEIWTNIKNGFACLFLGRNTVVENCGLGMAKLCDDCDGAWKTFALFSFFNICDNLITSYIIDKFSTMTYTIVSCIQGPATAIAYYFKFLAGDVVIEPRLLDFVTLFGYLFGSIIYRVGNIILERKKMRNEENEDSEGELTNVDSIITQ,1.8,0,68.51,1,,unpub
25,P. falciparum,Cam783 I218F,MKFASKKNNQKNSSKNDERYRELDNLVQEGNGSRLGGGSCLGKCAHVFKLIFKEIKDNIFIYILSIIYLSVCVIETIFAKRTLNKIGNYSFVTSETHNFICMIMFFIVYSLFGNKKGNSKERHRSFNLQFFAISMLDACSVILAFIGLTRTTGNIQSFVLQLSIPINMFFCFLILRYRYHLYNYLGAVIIVVTIALVEMKLSFETQEENSIIFNLVLFSSLIPVCFSNMTREIVFKKYKIDILRLNAMVSFFQLFTSCLILPVYTLPFLKELHLPYNEIWTNIKNGFACLFLGRNTVVENCGLGMAKLCDDCDGAWKTFALFSFFNICDNLITSYIIDKFSTMTYTIVSCIQGPATAIAYYFKFLAGDVVIEPRLLDFVTLFGYLFGSIIYRVGNIILERKKMRNEENEDSEGELTNVDSIITQ,2.2,0,23.7,0,,unpub
26,P. falciparum,FCB,MKFASKKNNQKNSSKNDERYRELDNLVQEGNGSRLGGGSCLGKCAHVFKLIFKEIKDNIFIYILSIIYLSVCVIETIFAKRTLNKIGNYSFVTSETHNFICMIMFFIVYSLFGNKKGNSKERHRSFNLQFFAISMLDACSVILAFIGLTRTTGNIQSFVLQLSIPINMFFCFLILRYRYHLYNYLGAVIIVVTIALVEMKLSFETQEENSIIFNLVLISSLIPVCFSNMTREIVFKKYKIDILRLNAMVSFFQLFTSCLILPVYTLPFLKELHLPYNEIWTNIKNGFACLFLGRNTVVENCGLGMAKLCDDCDGAWKTFALFSFFSICDNLITSYIIDKFSTMTYTIVSCIQGPAIAIAYYFKFLAGDVVIEPRLLDFVTLFGYLFGSIIYRVGNIILERKKMRNEENEDSEGELTNVDSIITQ,0.74,0,98.7,2,1,unpub
27,P. falciparum,FCB T93S,MKFASKKNNQKNSSKNDERYRELDNLVQEGNGSRLGGGSCLGKCAHVFKLIFKEIKDNIFIYILSIIYLSVCVIETIFAKRTLNKIGNYSFVSSETHNFICMIMFFIVYSLFGNKKGNSKERHRSFNLQFFAISMLDACSVILAFIGLTRTTGNIQSFVLQLSIPINMFFCFLILRYRYHLYNYLGAVIIVVTIALVEMKLSFETQEENSIIFNLVLISSLIPVCFSNMTREIVFKKYKIDILRLNAMVSFFQLFTSCLILPVYTLPFLKELHLPYNEIWTNIKNGFACLFLGRNTVVENCGLGMAKLCDDCDGAWKTFALFSFFSICDNLITSYIIDKFSTMTYTIVSCIQGPAIAIAYYFKFLAGDVVIEPRLLDFVTLFGYLFGSIIYRVGNIILERKKMRNEENEDSEGELTNVDSIITQ,6.8,1,69.7,1,0,unpub
28,P. falciparum,FCB I218F,MKFASKKNNQKNSSKNDERYRELDNLVQEGNGSRLGGGSCLGKCAHVFKLIFKEIKDNIFIYILSIIYLSVCVIETIFAKRTLNKIGNYSFVTSETHNFICMIMFFIVYSLFGNKKGNSKERHRSFNLQFFAISMLDACSVILAFIGLTRTTGNIQSFVLQLSIPINMFFCFLILRYRYHLYNYLGAVIIVVTIALVEMKLSFETQEENSIIFNLVLFSSLIPVCFSNMTREIVFKKYKIDILRLNAMVSFFQLFTSCLILPVYTLPFLKELHLPYNEIWTNIKNGFACLFLGRNTVVENCGLGMAKLCDDCDGAWKTFALFSFFSICDNLITSYIIDKFSTMTYTIVSCIQGPAIAIAYYFKFLAGDVVIEPRLLDFVTLFGYLFGSIIYRVGNIILERKKMRNEENEDSEGELTNVDSIITQ,,,,,0,unpub
29,P. falciparum,7G8,MKFASKKNNQKNSSKNDERYRELDNLVQEGNGSRLGGGSCLGKCAHVFKLIFKEIKDNIFIYILSIIYLSVSVMNTIFAKRTLNKIGNYSFVTSETHNFICMIMFFIVYSLFGNKKGNSKERHRSFNLQFFAISMLDACSVILAFIGLTRTTGNIQSFVLQLSIPINMFFCFLILRYRYHLYNYLGAVIIVVTIALVEMKLSFETQEENSIIFNLVLISSLIPVCFSNMTREIVFKKYKIDILRLNAMVSFFQLFTSCLILPVYTLPFLKQLHLPYNEIWTNIKNGFACLFLGRNTVVENCGLGMAKLCDDCDGAWKTFALFSFFDICDNLITSYIIDKFSTMTYTIVSCIQGPALAIAYYFKFLAGDVVREPRLLDFVTLFGYLFGSIIYRVGNIILERKKMRNEENEDSEGELTNVDSIITQ,1.4,0,83,2,1,26908582
30,P. falciparum,7G8+F145I,MKFASKKNNQKNSSKNDERYRELDNLVQEGNGSRLGGGSCLGKCAHVFKLIFKEIKDNIFIYILSIIYLSVSVMNTIFAKRTLNKIGNYSFVTSETHNFICMIMFFIVYSLFGNKKGNSKERHRSFNLQFFAISMLDACSVILAIIGLTRTTGNIQSFVLQLSIPINMFFCFLILRYRYHLYNYLGAVIIVVTIALVEMKLSFETQEENSIIFNLVLISSLIPVCFSNMTREIVFKKYKIDILRLNAMVSFFQLFTSCLILPVYTLPFLKQLHLPYNEIWTNIKNGFACLFLGRNTVVENCGLGMAKLCDDCDGAWKTFALFSFFDICDNLITSYIIDKFSTMTYTIVSCIQGPALAIAYYFKFLAGDVVREPRLLDFVTLFGYLFGSIIYRVGNIILERKKMRNEENEDSEGELTNVDSIITQ,8.6,2,7.3,0,0,31776516
31,P. falciparum,7G8+C350R,MKFASKKNNQKNSSKNDERYRELDNLVQEGNGSRLGGGSCLGKCAHVFKLIFKEIKDNIFIYILSIIYLSVSVMNTIFAKRTLNKIGNYSFVTSETHNFICMIMFFIVYSLFGNKKGNSKERHRSFNLQFFAISMLDACSVILAFIGLTRTTGNIQSFVLQLSIPINMFFCFLILRYRYHLYNYLGAVIIVVTIALVEMKLSFETQEENSIIFNLVLISSLIPVCFSNMTREIVFKKYKIDILRLNAMVSFFQLFTSCLILPVYTLPFLKQLHLPYNEIWTNIKNGFACLFLGRNTVVENCGLGMAKLCDDCDGAWKTFALFSFFDICDNLITSYIIDKFSTMTYTIVSRIQGPALAIAYYFKFLAGDVVREPRLLDFVTLFGYLFGSIIYRVGNIILERKKMRNEENEDSEGELTNVDSIITQ,9.5,2,6.9,0,0,31776516
32,P. falciparum,Cam734,MKFASKKNNQKNSSKNDERYRELDNLVQEGNGSRLGGGSCLGKCAHVFKLIFKEIKDNIFIYILSIIYLSVCVIDTIFAKRTLNKIGNYSFVTSETHNFICMIMFFIVYSLFGNKKGNSKERHRSFNLQFFAISMLDACSVILFFIGITRTTGNIQSFVLQLSIPINMFFCFLILRYRYHLYNYLGAVIIVVTTALVEMKLSFETQEENSIIFNLVLISSLIPVCFSNMTREIVFKKYKIDILRLNAMVSFFQLFTSCLILPVYTLPFLKELHLPYNEIWTNIKNGFACLFLGRNTVVENCGLGMAKLCDDCDGAWKTFALFSFFNICDNLISSYIIDKFSTMTYTIVSCIQGPAIAIAYYFKFLAGDVVREPRLLDFVTLFGYLFGSIIYRVGNIILERKKMRNEENEDSEGELTNVDSIITQ,,0,73.4,2,1,27832198
33,P. falciparum,Cam734 + D75N,MKFASKKNNQKNSSKNDERYRELDNLVQEGNGSRLGGGSCLGKCAHVFKLIFKEIKDNIFIYILSIIYLSVCVINTIFAKRTLNKIGNYSFVTSETHNFICMIMFFIVYSLFGNKKGNSKERHRSFNLQFFAISMLDACSVILFFIGITRTTGNIQSFVLQLSIPINMFFCFLILRYRYHLYNYLGAVIIVVTTALVEMKLSFETQEENSIIFNLVLISSLIPVCFSNMTREIVFKKYKIDILRLNAMVSFFQLFTSCLILPVYTLPFLKELHLPYNEIWTNIKNGFACLFLGRNTVVENCGLGMAKLCDDCDGAWKTFALFSFFNICDNLISSYIIDKFSTMTYTIVSCIQGPAIAIAYYFKFLAGDVVREPRLLDFVTLFGYLFGSIIYRVGNIILERKKMRNEENEDSEGELTNVDSIITQ,,0,42.8,1,1,27832198
34,P. falciparum,Cam784 + F144A,MKFASKKNNQKNSSKNDERYRELDNLVQEGNGSRLGGGSCLGKCAHVFKLIFKEIKDNIFIYILSIIYLSVCVIDTIFAKRTLNKIGNYSFVTSETHNFICMIMFFIVYSLFGNKKGNSKERHRSFNLQFFAISMLDACSVILAFIGITRTTGNIQSFVLQLSIPINMFFCFLILRYRYHLYNYLGAVIIVVTTALVEMKLSFETQEENSIIFNLVLISSLIPVCFSNMTREIVFKKYKIDILRLNAMVSFFQLFTSCLILPVYTLPFLKELHLPYNEIWTNIKNGFACLFLGRNTVVENCGLGMAKLCDDCDGAWKTFALFSFFNICDNLISSYIIDKFSTMTYTIVSCIQGPAIAIAYYFKFLAGDVVREPRLLDFVTLFGYLFGSIIYRVGNIILERKKMRNEENEDSEGELTNVDSIITQ,,0,11.4,1,1,27832198
35,P. falciparum,Cam784 + I148L,MKFASKKNNQKNSSKNDERYRELDNLVQEGNGSRLGGGSCLGKCAHVFKLIFKEIKDNIFIYILSIIYLSVCVIDTIFAKRTLNKIGNYSFVTSETHNFICMIMFFIVYSLFGNKKGNSKERHRSFNLQFFAISMLDACSVILFFIGLTRTTGNIQSFVLQLSIPINMFFCFLILRYRYHLYNYLGAVIIVVTTALVEMKLSFETQEENSIIFNLVLISSLIPVCFSNMTREIVFKKYKIDILRLNAMVSFFQLFTSCLILPVYTLPFLKELHLPYNEIWTNIKNGFACLFLGRNTVVENCGLGMAKLCDDCDGAWKTFALFSFFNICDNLISSYIIDKFSTMTYTIVSCIQGPAIAIAYYFKFLAGDVVREPRLLDFVTLFGYLFGSIIYRVGNIILERKKMRNEENEDSEGELTNVDSIITQ,,0,34.2,1,0,27832198
36,P. falciparum,Cam784 + T194I,MKFASKKNNQKNSSKNDERYRELDNLVQEGNGSRLGGGSCLGKCAHVFKLIFKEIKDNIFIYILSIIYLSVCVIDTIFAKRTLNKIGNYSFVTSETHNFICMIMFFIVYSLFGNKKGNSKERHRSFNLQFFAISMLDACSVILFFIGITRTTGNIQSFVLQLSIPINMFFCFLILRYRYHLYNYLGAVIIVVTIALVEMKLSFETQEENSIIFNLVLISSLIPVCFSNMTREIVFKKYKIDILRLNAMVSFFQLFTSCLILPVYTLPFLKELHLPYNEIWTNIKNGFACLFLGRNTVVENCGLGMAKLCDDCDGAWKTFALFSFFNICDNLISSYIIDKFSTMTYTIVSCIQGPAIAIAYYFKFLAGDVVREPRLLDFVTLFGYLFGSIIYRVGNIILERKKMRNEENEDSEGELTNVDSIITQ,,0,56.1,1,1,27832198
37,P. falciparum,Cam784 + S333T,MKFASKKNNQKNSSKNDERYRELDNLVQEGNGSRLGGGSCLGKCAHVFKLIFKEIKDNIFIYILSIIYLSVCVIDTIFAKRTLNKIGNYSFVTSETHNFICMIMFFIVYSLFGNKKGNSKERHRSFNLQFFAISMLDACSVILFFIGITRTTGNIQSFVLQLSIPINMFFCFLILRYRYHLYNYLGAVIIVVTTALVEMKLSFETQEENSIIFNLVLISSLIPVCFSNMTREIVFKKYKIDILRLNAMVSFFQLFTSCLILPVYTLPFLKELHLPYNEIWTNIKNGFACLFLGRNTVVENCGLGMAKLCDDCDGAWKTFALFSFFNICDNLITSYIIDKFSTMTYTIVSCIQGPAIAIAYYFKFLAGDVVREPRLLDFVTLFGYLFGSIIYRVGNIILERKKMRNEENEDSEGELTNVDSIITQ,,0,38.4,0,1,27832198
38,P. falciparum,Ecu1110,MKFASKKNNQKNSSKNDERYRELDNLVQEGNGSRLGGGSCLGKCAHVFKLIFKEIKDNIFIYILSIIYLSVCVMNTIFAKRTLNKIGNYSFVTSETHNFICMIMFFIVYSLFGNKKGNSKERHRSFNLQFFAISMLDACSVILAFIGLTRTTGNIQSFVLQLSIPINMFFCFLILRYRYHLYNYLGAVIIVVTIALVEMKLSFETQEENSIIFNLVLISSLIPVCFSNMTREIVFKKYKIDILRLNAMVSFFQLFTSCLILPVYTLPFLKQLHLPYNEIWTNIKNGFACLFLGRNTVVENCGLGMAKLCDDCDGAWKTFALFSFFDICDNLITSYIIDKFSTMTYTIVSCIQGPALAIAYYFKFLAGDVVREPRLLDFVTLFGYLFGSIIYRVGNIILERKKMRNEENEDSEGELTNVDSIITQ,,0,75.2,2,0,26908582
39,P. falciparum,EcuA,MKFASKKNNQKNSSKNDERYRELDNLVQEGNGSRLGGGSCLGKCAHVFKLIFKEIKDNIFIYILSIIYLSVCVMNTIFAKRTLNKIGNYSFVTSETHNFICMIMFFIVYSLFGNKKGNSKERHRSFNLQFFAISMLDACSVILAFIGLTRTTGNIQSFVLQLSIPINMFFCFLILRYRYHLYNYLGAVIIVVTIALVEMKLSFETQEENSIIFNLVLISALIPVCFSNMTREIVFKKYKIDILRLNAMVSFFQLFTSCLILPVYTLPFLKQLHLPYNEIWTNIKNGFACLFLGRNTVVENCGLGMAKLCDDCDGAWKTFALFSFFNICDNLITSYIIDKFSTMTYTIVSCIQGPAIAIAYYFKFLAGDVVREPRLLDFVTLFGYLFGSIIYRVGNIILERKKMRNEENEDSEGELTNVDSIITQ,,0,11.3,0,1,26908582
40,P. falciparum,EcuB,MKFASKKNNQKNSSKNDERYRELDNLVQEGNGSRLGGGSCLGKCAHVFKLIFKEIKDNIFIYILSIIYLSVCVMNKIFAKRTLNKIGNYSFVTSETHNFICMIMFFIVYSLFGNKKGNSKERHRSFNLQFFAISMLDACSVILAFIGLTRTTGNIQSFVLQLSIPINMFFCFLILRYRYHLYNYLGAVIIVVTIALVEMKLSFETQEENSIIFNLVLISSLIPVCFSNMTREIVFKKYKIDILRLNAMVSFFQLFTSCLILPVYTLPFLKQLHLPYNEIWTNIKNGFACLFLGRNTVVENCGLGMAKLCDDCDGAWKTFALFSFFNICDNLITSYIIDKFSTMTYTIVSCIQGPAIAIAYYFKFLAGDVVREPRLLDFVTLFGYLFGSIIYRVGNIILERKKMRNEENEDSEGELTNVDSIITQ,,0,13.9,0,1,26908582
41,P. falciparum,EcuC,MKFASKKNNQKNSSKNDERYRELDNLVQEGNGSRLGGGSCLGKCAHVFKLIFKEIKDNIFIYILSIIYLSVCVMNKIFAKRTLNKIGNYSFVTSETHNFICMIMFFIVYSLFGNKKGNSKERHRSFNLQFFAISMLDACSVILAFIGLTRTTGNIQSFVLQLSIPINMFFCFLILRYRYHLYNYLGAVIIVVTIALVEMKLSFETQEENSIIFNLVLISALIPVCFSNMTREIVFKKYKIDILRLNAMVSFFQLFTSCLILPVYTLPFLKQLHLPYNEIWTNIKNGFACLFLGRNTVVENCGLGMAKLCDDCDGAWKTFALFSFFDICDNLITSYIIDKFSTMTYTIVSCIQGPAIAIAYYFKFLAGDVVREPRLLDFVTLFGYLFGSIIYRVGNIILERKKMRNEENEDSEGELTNVDSIITQ,,0,16.6,0,1,26908582
42,P. falciparum,EcuD,MKFASKKNNQKNSSKNDERYRELDNLVQEGNGSRLGGGSCLGKCAHVFKLIFKEIKDNIFIYILSIIYLSVCVMNKIFAKRTLNKIGNYSFVTSETHNFICMIMFFIVYSLFGNKKGNSKERHRSFNLQFFAISMLDACSVILAFIGLTRTTGNIQSFVLQLSIPINMFFCFLILRYRYHLYNYLGAVIIVVTIALVEMKLSFETQEENSIIFNLVLISALIPVCFSNMTREIVFKKYKIDILRLNAMVSFFQLFTSCLILPVYTLPFLKQLHLPYNEIWTNIKNGFACLFLGRNTVVENCGLGMAKLCDDCDGAWKTFALFSFFNICDNLITSYIIDKFSTMTYTIVSCIQGPALAIAYYFKFLAGDVVREPRLLDFVTLFGYLFGSIIYRVGNIILERKKMRNEENEDSEGELTNVDSIITQ,,0,16.5,0,1,26908582
43,P. falciparum,EcuAB,MKFASKKNNQKNSSKNDERYRELDNLVQEGNGSRLGGGSCLGKCAHVFKLIFKEIKDNIFIYILSIIYLSVCVMNTIFAKRTLNKIGNYSFVTSETHNFICMIMFFIVYSLFGNKKGNSKERHRSFNLQFFAISMLDACSVILAFIGLTRTTGNIQSFVLQLSIPINMFFCFLILRYRYHLYNYLGAVIIVVTIALVEMKLSFETQEENSIIFNLVLISSLIPVCFSNMTREIVFKKYKIDILRLNAMVSFFQLFTSCLILPVYTLPFLKQLHLPYNEIWTNIKNGFACLFLGRNTVVENCGLGMAKLCDDCDGAWKTFALFSFFNICDNLITSYIIDKFSTMTYTIVSCIQGPAIAIAYYFKFLAGDVVREPRLLDFVTLFGYLFGSIIYRVGNIILERKKMRNEENEDSEGELTNVDSIITQ,,0,10.2,0,0,26908582
44,P. falciparum,EcuAC,MKFASKKNNQKNSSKNDERYRELDNLVQEGNGSRLGGGSCLGKCAHVFKLIFKEIKDNIFIYILSIIYLSVCVMNTIFAKRTLNKIGNYSFVTSETHNFICMIMFFIVYSLFGNKKGNSKERHRSFNLQFFAISMLDACSVILAFIGLTRTTGNIQSFVLQLSIPINMFFCFLILRYRYHLYNYLGAVIIVVTIALVEMKLSFETQEENSIIFNLVLISALIPVCFSNMTREIVFKKYKIDILRLNAMVSFFQLFTSCLILPVYTLPFLKQLHLPYNEIWTNIKNGFACLFLGRNTVVENCGLGMAKLCDDCDGAWKTFALFSFFDICDNLITSYIIDKFSTMTYTIVSCIQGPAIAIAYYFKFLAGDVVREPRLLDFVTLFGYLFGSIIYRVGNIILERKKMRNEENEDSEGELTNVDSIITQ,,0,8.7,0,0,26908582
45,P. falciparum,EcuAD,MKFASKKNNQKNSSKNDERYRELDNLVQEGNGSRLGGGSCLGKCAHVFKLIFKEIKDNIFIYILSIIYLSVCVMNTIFAKRTLNKIGNYSFVTSETHNFICMIMFFIVYSLFGNKKGNSKERHRSFNLQFFAISMLDACSVILAFIGLTRTTGNIQSFVLQLSIPINMFFCFLILRYRYHLYNYLGAVIIVVTIALVEMKLSFETQEENSIIFNLVLISALIPVCFSNMTREIVFKKYKIDILRLNAMVSFFQLFTSCLILPVYTLPFLKQLHLPYNEIWTNIKNGFACLFLGRNTVVENCGLGMAKLCDDCDGAWKTFALFSFFNICDNLITSYIIDKFSTMTYTIVSCIQGPALAIAYYFKFLAGDVVREPRLLDFVTLFGYLFGSIIYRVGNIILERKKMRNEENEDSEGELTNVDSIITQ,,0,14.6,0,1,26908582
46,P. falciparum,EcuBC,MKFASKKNNQKNSSKNDERYRELDNLVQEGNGSRLGGGSCLGKCAHVFKLIFKEIKDNIFIYILSIIYLSVCVMNKIFAKRTLNKIGNYSFVTSETHNFICMIMFFIVYSLFGNKKGNSKERHRSFNLQFFAISMLDACSVILAFIGLTRTTGNIQSFVLQLSIPINMFFCFLILRYRYHLYNYLGAVIIVVTIALVEMKLSFETQEENSIIFNLVLISSLIPVCFSNMTREIVFKKYKIDILRLNAMVSFFQLFTSCLILPVYTLPFLKQLHLPYNEIWTNIKNGFACLFLGRNTVVENCGLGMAKLCDDCDGAWKTFALFSFFDICDNLITSYIIDKFSTMTYTIVSCIQGPAIAIAYYFKFLAGDVVREPRLLDFVTLFGYLFGSIIYRVGNIILERKKMRNEENEDSEGELTNVDSIITQ,,0,15.2,0,1,26908582
47,P. falciparum,EcuBD,MKFASKKNNQKNSSKNDERYRELDNLVQEGNGSRLGGGSCLGKCAHVFKLIFKEIKDNIFIYILSIIYLSVCVMNKIFAKRTLNKIGNYSFVTSETHNFICMIMFFIVYSLFGNKKGNSKERHRSFNLQFFAISMLDACSVILAFIGLTRTTGNIQSFVLQLSIPINMFFCFLILRYRYHLYNYLGAVIIVVTIALVEMKLSFETQEENSIIFNLVLISSLIPVCFSNMTREIVFKKYKIDILRLNAMVSFFQLFTSCLILPVYTLPFLKQLHLPYNEIWTNIKNGFACLFLGRNTVVENCGLGMAKLCDDCDGAWKTFALFSFFNICDNLITSYIIDKFSTMTYTIVSCIQGPALAIAYYFKFLAGDVVREPRLLDFVTLFGYLFGSIIYRVGNIILERKKMRNEENEDSEGELTNVDSIITQ,,0,13.8,0,1,26908582
48,P. falciparum,EcuCD,MKFASKKNNQKNSSKNDERYRELDNLVQEGNGSRLGGGSCLGKCAHVFKLIFKEIKDNIFIYILSIIYLSVCVMNKIFAKRTLNKIGNYSFVTSETHNFICMIMFFIVYSLFGNKKGNSKERHRSFNLQFFAISMLDACSVILAFIGLTRTTGNIQSFVLQLSIPINMFFCFLILRYRYHLYNYLGAVIIVVTIALVEMKLSFETQEENSIIFNLVLISALIPVCFSNMTREIVFKKYKIDILRLNAMVSFFQLFTSCLILPVYTLPFLKQLHLPYNEIWTNIKNGFACLFLGRNTVVENCGLGMAKLCDDCDGAWKTFALFSFFDICDNLITSYIIDKFSTMTYTIVSCIQGPALAIAYYFKFLAGDVVREPRLLDFVTLFGYLFGSIIYRVGNIILERKKMRNEENEDSEGELTNVDSIITQ,,0,15.4,0,1,26908582
49,P. falciparum,EcuABC,MKFASKKNNQKNSSKNDERYRELDNLVQEGNGSRLGGGSCLGKCAHVFKLIFKEIKDNIFIYILSIIYLSVCVMNTIFAKRTLNKIGNYSFVTSETHNFICMIMFFIVYSLFGNKKGNSKERHRSFNLQFFAISMLDACSVILAFIGLTRTTGNIQSFVLQLSIPINMFFCFLILRYRYHLYNYLGAVIIVVTIALVEMKLSFETQEENSIIFNLVLISSLIPVCFSNMTREIVFKKYKIDILRLNAMVSFFQLFTSCLILPVYTLPFLKQLHLPYNEIWTNIKNGFACLFLGRNTVVENCGLGMAKLCDDCDGAWKTFALFSFFDICDNLITSYIIDKFSTMTYTIVSCIQGPAIAIAYYFKFLAGDVVREPRLLDFVTLFGYLFGSIIYRVGNIILERKKMRNEENEDSEGELTNVDSIITQ,,0,19.8,0,0,26908582
50,P. falciparum,EcuABD,MKFASKKNNQKNSSKNDERYRELDNLVQEGNGSRLGGGSCLGKCAHVFKLIFKEIKDNIFIYILSIIYLSVCVMNTIFAKRTLNKIGNYSFVTSETHNFICMIMFFIVYSLFGNKKGNSKERHRSFNLQFFAISMLDACSVILAFIGLTRTTGNIQSFVLQLSIPINMFFCFLILRYRYHLYNYLGAVIIVVTIALVEMKLSFETQEENSIIFNLVLISSLIPVCFSNMTREIVFKKYKIDILRLNAMVSFFQLFTSCLILPVYTLPFLKQLHLPYNEIWTNIKNGFACLFLGRNTVVENCGLGMAKLCDDCDGAWKTFALFSFFNICDNLITSYIIDKFSTMTYTIVSCIQGPALAIAYYFKFLAGDVVREPRLLDFVTLFGYLFGSIIYRVGNIILERKKMRNEENEDSEGELTNVDSIITQ,,0,19.4,0,0,26908582
51,P. falciparum,EcuACD,MKFASKKNNQKNSSKNDERYRELDNLVQEGNGSRLGGGSCLGKCAHVFKLIFKEIKDNIFIYILSIIYLSVCVMNTIFAKRTLNKIGNYSFVTSETHNFICMIMFFIVYSLFGNKKGNSKERHRSFNLQFFAISMLDACSVILAFIGLTRTTGNIQSFVLQLSIPINMFFCFLILRYRYHLYNYLGAVIIVVTIALVEMKLSFETQEENSIIFNLVLISALIPVCFSNMTREIVFKKYKIDILRLNAMVSFFQLFTSCLILPVYTLPFLKQLHLPYNEIWTNIKNGFACLFLGRNTVVENCGLGMAKLCDDCDGAWKTFALFSFFDICDNLITSYIIDKFSTMTYTIVSCIQGPALAIAYYFKFLAGDVVREPRLLDFVTLFGYLFGSIIYRVGNIILERKKMRNEENEDSEGELTNVDSIITQ,,0,26.7,0,0,26908582
52,P. falciparum,EcuBCD,MKFASKKNNQKNSSKNDERYRELDNLVQEGNGSRLGGGSCLGKCAHVFKLIFKEIKDNIFIYILSIIYLSVCVMNKIFAKRTLNKIGNYSFVTSETHNFICMIMFFIVYSLFGNKKGNSKERHRSFNLQFFAISMLDACSVILAFIGLTRTTGNIQSFVLQLSIPINMFFCFLILRYRYHLYNYLGAVIIVVTIALVEMKLSFETQEENSIIFNLVLISSLIPVCFSNMTREIVFKKYKIDILRLNAMVSFFQLFTSCLILPVYTLPFLKQLHLPYNEIWTNIKNGFACLFLGRNTVVENCGLGMAKLCDDCDGAWKTFALFSFFDICDNLITSYIIDKFSTMTYTIVSCIQGPALAIAYYFKFLAGDVVREPRLLDFVTLFGYLFGSIIYRVGNIILERKKMRNEENEDSEGELTNVDSIITQ,,0,16.7,0,1,26908582
53,P. falciparum,PH1,MKFASKKNNQKNSSKNDERYRELDNLVQEGNGSRLGGGSCLGKCAHVFKLIFKEIKDNIFIYILSIIYLSVCVMNTIFAKRTLNKIGNYSFVTSETHNFICMIMFFIVYSLFGNKKGNSKERHRSFNLQFFAISMLDACSVILTFIGLTRTTGNIQSFVYQLSIPINMFFCFLILRYRYHLYNYLGAVIIVVTIALVEMKLSFETQEENSIIFNLVLISALIPVCFSNMTREIVFKKYKIDILRLNAMVSFFQLFTSCLILPVYTLPFLKQLHLPYNEIWTNIKNGFACLFLGRNTVVENCGLGMAKLCDDCDGAWKTFALFSFFDICDNLITSYIIDKFSTMTYTIVSCIQGPAIAIAYYFKFLAGDVVREPRLLDFVTLFGYLFGSIIYRVGNIILERKKMRNEENEDSEGELTNVDSIITQ,,,30.4,0,,27036417
54,P. falciparum,PH2,MKFASKKNNQKNSSKNDERYRELDNLVQEGNGSRLGGGSCLGKCAHVFKLIFKEIKDNIFIYILSIIYLSVSVMNTIFAKRTLNKIGNYSFVTSETHNFICMIMFFIVYSLFGNKKGNSKERHRSFNLQFFAISMLDACSVILTFIGLTRTTGNIQSFVYQLSIPINMFFCFLILRYRYHLYNYLGAVIIVVTIALVEMKLSFETQEENSIIFNLVLISALIPVCFSNMTREIVFKKYKIDILRLNAMVSFFQLFTSCLILPVYTLPFLKQLHLPYNEIWTNIKNGFACLFLGRNTVVENCGLGMAKLCDDCDGAWKTFALFSFFDICDNLITSYIIDKFSTMTYTIVSCIQGPAIAIAYYFKFLAGDVVREPRLLDFVTLFGYLFGSIIYRVGNIILERKKMRNEENEDSEGELTNVDSIITQ,,,,,,27036417
55,P. falciparum,KK005,MKFASKKNNQKNSSKNDERYRELDNLVQEGNGSRLGGGSCLGKCAHVFKLIFKEIKDNIFIYILSIIYLSVSVMNTIFAKRTLNKIGNYSFVTSETHNFICMIMFFIVYSLFGNKKGNSKERHRSFNLQFFAISMLDACSVILAFIGLTRTTGNIQSFVLQLSIPINMFFCFLILRYRYHLYNYLGAVIIVVTIALVEMKLSFETQEENSIIFNLVLISSLIPVCFSNMTREIVFKKYKIDILRLNAMVSFFQLFTSCLILPVYTLPFLKQLHLPYNEIWTNIKNGFACLFLGRNTVVENCGLGMAKLCDDCDGAWKTFALFSFFDICDNLIASYIIDKFSTMTYTIVSCIQGPALAIAYYFKFLAGDVVREPRLLDFVTLFGYLFGSIIYRVGNIILERKKMRNEENEDSEGELTNVDSIITQ,,,,,,27036417
56,P. falciparum,KT052,MKFASKKNNQKNSSKNDERYRELDNLVQEGNGSRLGGGSCLGKCAHVFKLIFKEIKDNIFIYILSIIYLSVCVMNKIFAKRTLNKIGNYSFVTSETHNFICMIMFFIVYSLFGNKKGNSKERHRSFNLQFFAISMLDACSVILTFIGLTRTTGNIQSFVYQLSIPVNMFFCFLILRYRYHLYNYLGAVIIVVTIALVEMKLSFETQEENSIIFNLVLISALIPVCFSNMTREIVFKKYKIDILRLNAMVSFFQLFTSCLILPVYTLPFLKQLHLPYNEIWTNIKNGFACLFLGRNTVVENCGLGMAKLCDDCDGAWKTFALFSFFNICDNLITSYIIDKFSTMTYTIVSCIQGPAIAIAYYFKFLAGDVVREPRLLDFVTLFGYLFGSIIYRVGNIILERKKMRNEENEDSEGELTNVDSIITQ,,,,,,27036417
57,P. falciparum,KT097,MKFASKKNNQKNSSKNDERYRELDNLVQEGNGSRLGGGSCLGKCAHVFKLIFKEIKDNIFIYILSIIYLSVCVMNKIFAKRTLNKIGNYSFVTSETHNFICMIMFFIVYSLFGNKKGNSKERHRSFNLQFFAISMLDACSVILTFIGLTRTTGNIQSFVYQLSIPVNMFFCFLILRYRYHLYNYLGAVIIVVTIALVEMKLSFETQEENSIIFNLVLISALIPVCFSNMTREIVFKKYKIDILRLNAMVSFFQLFTSCLILPVYTLPFLKQLNLPYNEIWTNIKNGFACLFLGRNTVVENCGLGMAKLCDDCDGAWKTFALFSFFNICDNLITSYIIDKFSTMTYTIVSCIQGPAIAIAYYFKFLAGDVVREPRLLDFVTLFGYLFGSIIYRVGNIILERKKMRNEENEDSEGELTNVDSIITQ,,,,,,27036417
58,P. falciparum,KT094,MKFASKKNNQKNSSKNDERYRELDNLVQEGNGSRLGGGSCLGKCAHVFKLIFKEIKDNIFIYILSIIYLSVSVMNTIFAKRTLNKIGNYSFVTSETHNFICMIMFFIVYSLFGNKKGNSKERHRSFNLQFFAISMLDACSVILHFIGLTRTTGNIQSFVPQLSIPINMFFCFLILRYRYHLYNYLGAVIIVVTIALVEMKLSFETQEENSIIFNLVLISALIPVCFSNMTREIVFKKYKIDILRLNAMVSFFQLFTSCLILPVYTLPFLKQLNLPYNEIWTNIKNGFACLFLGRNTVVENCGLGMAKLCDDCDGAWKTFALFSFFNICDNLITSYIIDKFSTMTYTIVSCIQGPAIAIAYYFKFLAGDVVREPRLLDFVTLFGYLFGSIIYRVGNIILERKKMRNEENEDSEGELTNVDSIITQ,,,,,,27036417
59,P. falciparum,KT072,MKFASKKNNQKNSSKNDERYRELDNLVQEGNGSRLGGGSCLGKCAHVFKLIFKEIKDNIFIYILSIIYLSVSVMNTIFAKRTLNKIGNYSFVTSETHNFICMIMFFIVYSLFGNKKGNSKERHRSFNLQFFAISMLDACSVILTFIGLTRTTGNIQSFVYQLSIPVNMFFCFLILRYRYHLYNYLGAVIIVVTIALVEMKLSFETQEENSIIFNLVLISALIPVCFSNMTREIVFKKYKIDILRLNAMVSFFQLFTSCLILPVYTLPFLKQLHLPYNEIWTNIKNGFACLFLGRNTVVENCGLGMAKLCDDCDGAWKTFALFSFFNICDNLITSYIIDKFSTMTYTIVSCIQGPAIAIAYYFKFLAGDVVREPRLLDFVTLFGYLFGSIIYRVGNIILERKKMRNEENEDSEGELTNVDSIITQ,,,,,,27036417
60,P. falciparum,KT055,MKFASKKNNQKNSSKNDERYRELDNLVQEGNGSRLGGGSCLGKCAHVFKLIFKEIKDNIFIYILSIIYLSVSVMNTIFAKRTLNKIGNYSFVTSETHNFICMIMFFIVYSLFGNKKGNSKERHRSFNLQFFAISMLDACSVILTFIGLTRTTGNIQSFVYQLSIPVNMFFCFLILRYRYHLYNYLGAVIIVVTIALVEMKLSFETQEENSIIFNLVLISALIPVCFSNMTREIVFKKYKIDILRLNAMVSFFQLFTSCLILPVYTLPFLKQLNLPYNEIWTNIKNGFACLFLGRNTVVENCGLGMAKLCDDCDGAWKTFALFSFFNICDNLITSYIIDKFSTMTYTIVSCIQGPAIAIAYYFKFLAGDVVREPRLLDFVTLFGYLFGSIIYRVGNIILERKKMRNEENEDSEGELTNVDSIITQ,,,,,,27036417
61,P. falciparum,KT066,MKFASKKNNQKNSSKNDERYRELDNLVQEGNGSRLGGGSCLGKCAHVFKLIFKEIKDNIFIYILSIIYLSVSVMNTIFAKRTLNKIGNYSFVTSETHNFICMIMFFIVYSLFGNKKGNSKERHRSFNLQFFAISMLDACSVILTFIGLTRTTGNIQSFVYQLSIPVNMFFCFLILRYRYHLYNYLGAVIIVVTIALVEMKLSFETQEENSIIFNLVLISALIPVCFSNMTREIVFKKYKIDILRLNAMVSFFQLFTSCLILPVYTLPFLKQLHLPYNEIWTNIKNGFACLFLGRNTVVENCGLGMAKLCDDCDGAWKTFALFSFFDICDNLITSYIIDKFSTMTYTIVSCIQGPAIAIAYYFKFLAGDVVREPRLLDFVTLFGYLFGSIIYRVGNIILERKKMRNEENEDSEGELTNVDSIITQ,,,,,,27036417
62,P. falciparum,106/1,MKFASKKNNQKNSSKNDERYRELDNLVQEGNGSRLGGGSCLGKCAHVFKLIFKEIKDNIFIYILSIIYLSVCVIEKIFAKRTLNKIGNYSFVTSETHNFICMIMFFIVYSLFGNKKGNSKERHRSFNLQFFAISMLDACSVILAFIGLTRTTGNIQSFVLQLSIPINMFFCFLILRYRYHLYNYLGAVIIVVTIALVEMKLSFETQEENSIIFNLVLISSLIPVCFSNMTREIVFKKYKIDILRLNAMVSFFQLFTSCLILPVYTLPFLKELHLPYNEIWTNIKNGFACLFLGRNTVVENCGLGMAKLCDDCDGAWKTFALFSFFSICDNLITSYIIDKFSTMTYTIVSCIQGPAIAIAYYFKFLAGDVVIEPRLLDFVTLFGYLFGSIIYRVGNIILERKKMRNEENEDSEGELTNVDSIITQ,,,,,,23688277
63,P. falciparum,Thai16,MKFASKKNNQKNSSKNDERYRELDNLVQEGNGSRLGGGSCLGKCAHVFKLIFKEIKDNIFIYILSIIYLSVCVIETIFAKRTLNKIGNYSFVTSETHNFICMIMFFIVYSLFGNKKGNSKERHRSFNLQFFAISMLDACSVILAFIGLTRTTGNIQSFVLQLSIPINMFFCFLILRYRYHLYNYLGAVIIVVTIALVEMKLSFETQEENSIIFNLVLISSLIPVCFSNMTREIVFKKYKIDILRLNAMVSFFQLFTSCLILPVYTLPFLKELHLPYNEIWTNIKNGFACLFLGRNTVVENCGLGMAKLCDDCDGAWKTFALFSFFSICDNLITSYIIDKFSTMTYTIVSCIQGPATAIAYYFKFLAGDVVIEPRLLDFVTLFGYLFGSIIYRVGNIILERKKMRNEENEDSEGELTNVDSIITQ,,,,,,23688277
64,P. falciparum,TM93-C1088,MKFASKKNNQKNSSKNDERYRELDNLVQEGNGSRLGGGSCLGKCAHVFKLIFKEIKDNIFIYILSIIYLSVCVIETIFAKRTLNKIGNYSFVTSETLNFICMIMFFIVYSLFGNKKGNSKERHRSFNLQFFAISMLDACSVILAFIGLTRTTGNIQSFVLQLSIPINMFFCFLILRYRYHLYNYLGAVIIVVTIALVEMKLSFETQEENSIIFNLVLISSLIPVCFSNMTREIVFKKYKIDILRLNAMVSFFQLFTSCLILPVYTLPFLKELHLPYNEIWTNIKNGFACLFLGRNTVVENCGLGMAKLCDDCDGAWKTFALFSFFSICDNLITSYIIDKFSTMTYTIVSCIQGPATAIAYYFKFLAGDVVIEPRLLDFVTLFGYLFGSIIYRVGNIILERKKMRNEENEDSEGELTNVDSIITQ,,,,,,23688277
65,P. falciparum,TM6,MKFASKKNNQKNSSKNDERYRELDNLVQEGNGSRLGGGSCLGKCAHVFKLIFKEIKDNIFIYILSIIYLSVCVIETIFAKRTLNKIGNYSFVTSETHNFICMIMFFIVYSLFGNKKGNSKERRRSFNLQFFAISMLDACSVILAFIGLTRTTGNIQSFVLQLSIPINMFFCFLILRYRYHLYNYLGAVIIVVTIALVEMKLSFEAQEENSIIFNLVLISSLIPVCFSNMTREIVFKKYKIDILRLNAMVSFFQLFTSCLILPVYTLPFLKELHLPYNEIWTNIKNGFACLFLGRNTVVENCGLGMAKLCDDCDGAWKTFALFSFFSICDNLITSYIIDKFSTMTYTIVSCIQGPATAIAYYFKFLAGDVVIEPRLLDFVTLFGYLFGSIIYRVGNIILERKKMRNEENEDSEGELTNVDSIITQ,,,,,,23688277
66,P. falciparum,J9,MKFASKKNNQKNSSKNDERYRELDNLVQEGNGSRLGGGPCLGKCAHVFKLIFKEIKDNIFIYILSIIYLSVCVIEAIFAKRTLNKIGNYSFVTSETHNFICMIMFFIVYSLFGNKKGNSKERHRSFNLQFFAISMLDACSVILAFIGLTRTTGNIQSFVLQLSIPINMFFCFLILRYRYHLYNYLGAVIIVVTIALVEMKLSFETQEENSIIFNLVLISSLIPVCFSNMTREIVFKKYKIDILRLNAMVSFFQLFTSCLILPVYTLPFLKELHLPYDEIWTNIKNGFACLFLGRNTVVENCGLGMAKLCDDCDGAWKTFALFSFFSICDNLITSYIIDKFSTMTYTIVSCIQGPATAIAYYFKFLAGDVVIEPRLLDFVTLFGYLFGSIIYRVGNIILERKKMRNEENEDSEGELTNVDSIITQ,,,,,,23688277
67,P. falciparum,BC22,MKFASKKNNQKNSSKNDERYRELDNLVQEGNGSRLGGGPCLGKCAHVFKLIFKEIKDNIFIYILSIIYLSVCVIEAIFAKRTLNKIGNYSFVTSETHNFICMIMFFIVYSLFGNKKGNSKERHRSFNLQFFAISMLDACSVILAFIGLTRTTGNIQSFVLQLSIPINMFFCFLILRYRYHLYNYLGAVIIVVTIALVKMKLSFETQEENSIIFNLVLISSLIPVCFSNMTREIVFKKYKIDILRLNAMVSFFQLFTSCLILPVYTLPFLKELHLPYDEIWTNIKNGFACLFLGRNTVVENCGLGMAKLCDDCDGAWKTFALFSFFSICDNLITSYIIDKFSTMTYTIVSCIQGPATAIAYYFKFLAGDVVIEPRLLDFVTLFGYLFGSIIYRVGNIILERKKMRNEENEDSEGELTNVDSIITQ,,,,,,23688277
68,P. falciparum,PNG4,MKFASKKNNQKNSSKNDERYRELDNLVQEGNGSRLGGGSCLGKCAHVFKLIFKEIKDNIFIYILSIIYLSVSVMNTIFAKRTLNKIGNYSFVTSETHNFICMIMFFIVYSLFGNKKGNSKERHRSFNLQFFAISMLDACSVILAFIGLTRTTGNIQSFVLQLSIPINMFFCFLILRYRYHLYNYLGAVIIVVTIALVEMKLSFETQEENSIIFNLVLISALIPVCFSNMTREIVFKKYKIDILRLNAMVSFFQLFTSCLILPVYTLPFLKQLHLPYNEIWTNIKNGFACLFLGRNTVVENCGLGMAKLCDDCDGAWKTFALFSFFDICDNLITSYIIDKFSTMTYTIVSCIQGPALAIAYYFKFLAGDVVREPRLLDFVTLFGYLFGSIIYRVGNIILERKKMRNEENEDSEGELTNVDSIITQ,,,,,,23688277
69,P. falciparum,Jav,MKFASKKNNQKNSSKNDERYRELDNLVQEGNGSRLGGGSCLGKCAHVFKLIFKEIKDNIFIYILSIIYLSVCVMETIFAKRTLNKIGNYSFVTSETQNFICMIMFFIVYSLFGNKKGNSKERHRSFNLQFFAISMLDACSVILAFIGLTRTTGNIQSFVLQLSIPINMFFCFLILRYRYHLYNYLGAVIIVVTIALVEMKLSFETQEENSIIFNLVLISSLIPVCFSNMTREIVFKKYKIDILRLNAMVSFFQLFTSCLILPVYTLPFLKQLHLPYNEIWTNIKNGFACLFLGRNTVVENCGLGMAKLCDDCDGAWKTFALFSFFNICDNLITSYIIDKFSTMTYTIVSCIQGPAIAIAYYFKFLAGDVVTEPRLLDFVTLFGYLFGSIIYRVGNIILERKKMRNEENEDSEGELTNVDSIITQ,,,,,,23688277
70,P. falciparum,TU741,MKFASKKNNQKNSSKNDERYRELDNLVQEGNGSRLGGGSCLGKCAHVFKLIFKEIKDNIFIYILSIIYLSVCVMNTIFAKRTLNKIGNYSFVTSETHNFICMIMFFIVYSLFGNKKGNSKERHRSFNLQFFAISMLDACSVILAFIGLTRTTGNIQSFVLQLSIPINMFFCFLILRYRYHLYNYLGAVIIVVTIALVEMKLSFETQEENSIIFNLVLISSLIPVCFSNMTREIVFKKYKIDILRLNAMVSFFQLFTSCLILPVYTLPFLKQLHLPYNEIWTNIKNGFACLFLGRNTVVENCGLGMAKLCDDCDGAWKTFALFSFFNICDNLITSYIIDKFSTMTYTIVSCIQGPALAIAYYFKFLAGDVVREPRLLDFVTLFGYLFGSIIYRVGNIILERKKMRNEENEDSEGELTNVDSIITQ,,,,,,23688277
71,P. falciparum,TA6182,MKFASKKNNQKNSSKNDERYRELDNLVQEGNGSRLGGGSCLGKCAHVFKLIFKEIKDNIFIYILSIIYLSVCVMETIFAKRTLNKIGNYSFVTSETQNFICMIMFFIVYSLFGNKKGNSKERHRSFNLQFFAISMLDACSVILAFIGLTRTTGNIQSFVLQLSIPINMFFCFLILRYRYHLYNYLGAVIIVVTIALVEMKLSFETQEENSIIFNLVLISSLIPVCFSNMTREIVFKKYKIDILRLNAMVSFFQLFTSCLILPVYTLPFLKQLHLPYNEIWTNIKNGFACLFLGRNTVVENCGLGMAKLCDDCDGAWKTFALFSFFSICDNLITSYIIDKFSTMTYTIVSCIQGPAIAIAYYFKFLAGDVVIEPRLLDFVTLFGYLFGSIIYRVGNIILERKKMRNEENEDSEGELTNVDSIITQ,,,,0,,23688277
72,P. reichenowi,CDC,MKFASKKNNQKNSSKNDERYRELDNLVQEGNGSGLGGGSCLGKCAHVFKLIFKEIKDNIFIYILSIIYLSVCVMNKIFAKRTLNKIGNYSFVTSETHNFVCMIMFFIVYSLFGNKKGNSKERHRSFNLQFFAISLLDACSVILAFIGLTRTTGNIQSFVLQLSIPINMFFCFLILRYRYHLYNYLGAVIIVVTIALVEMKLSFETQEENSIIFNLVLISALIPVCFSNMTREIVFKKYKIDILRLNAMVSFFQLFTSCLILPVYTLPFLKQLHLPYNEIWTNIKNGFACLFLGRNTVVENCGLGMAKLCDDCDGAWKTFALFSFFNICDNLITSYIINKFSTMTYTIVSCIQGPAIAIAYYFKFLAGDVVREPRLLDFVTLFGYLFGSIIYRVGNIILERKRMRNEENEDSEGELTNVDSIITQ,,,,0,,
73,P. vivax,P01,MTILKKKKKGSPQITPDERYRELDSHAQNESEIQEDVPISRKIANFLKLAYNEIRENISIYLLIIVYLCVCVMNKLLAKRTLKKIGNYSFVTSETHNCICMVVFFALYFMFGRRVMSAKERHRNFGVQFLLISLLDACSVIIAFIGLTRTTGNIQSFVMQLSIPINMFFCFLILRYRYHLFNYVGAFIIVVTIAVVEFMLSFETQEENSIVFNLVLIASLIPLSFSNMTREIVFKKYKINILRLNAVVSFFQIFTSCLMLPMYTLPFLKQINLPFSEIGTNIKNGFRCLFLGQNTIVENCGLGMSKMCDDCEGAWKTFIAYSFFNICDNLITSFIIEKFSTMTYTIVSCIQGPAIAIAYYFKFLAGDAVMQPRMLDFVTLFGYLFGSIIYRIGNIILEKKRMMEAGNDDDSEGELTNADSIITH,,,,0,,
74,P. chabaudi,WT,MTGMKKGKNKKKNVKNDERYKELDSLISNDSEIGNNSRWGGAKRICKLIGNEMRNNIYVYLLSILYLCVSVMNKVFSKRTLNKIGNYSFVTSEVHNMICTIVFQLLYFIYRKTSNPASRNESQKNFGWQFFLISLLDASTVIITMIGLTRTTGNIQSFIMQLIIPVNMYFCFIFLGYRYHLFNYLGAFIILITIAAVETVLSYETQSDNSIIFNLIMIFALIPLSFSNMTREVVFKKHKINIIRLNAMVALFQFFTSLLVLPVYNISFLKEIYMPFSEMGTNINDGLRCLFYGQSTIVENCGVGMVKMCDQCEGAWKTFITYSFFNICDNLLVCYIIDKFSTMTYTIVSCIQGPAITIAYYFKFLAGDVVRQPRLLDFLTLFGYLLGTIIYRIGNIILEKKKMLKAQNTDGSEAELTSIETSTA,,,,0,,
75,P. gallinaceum,8A,MTVNTKNSQNNLSKMDEHYKELDTLLEDRNEIQRNRISFLRTLINWGKFIFYEIKSNIFIYLLSLLYLSVCVMNKVFAKRTMNKIGNYSFVTSEIHNTICIFVLFLVYFFFSNYNNNSKKRRKEPIFYYLFISLLDASTVIISFIGLTKTTGNIQSFALQLSIPINMFFCFLILRYRYHLFNYLGAFIIVATIAIVEMKMSMEIQEENSIIFNLIFISALIPLCFSNMTREIVFKKYKINILKLNAMISLFQLFTSCLILPVYTLPFLKQLQLPFSEILINIKNGFSCLFLGKNTIIENCGPGMTKMCDDCEGAWKTFITYSFFNICDNLVSSYIIDKFSTMTYTIVSCIQGPAIAIAYYFKFIAGDVMRKPRILDFVTLFGYLLGSIVYRAGNIILERKKIREDNYEENSDEQMTDEESVLTS,,,,0,,
76,P. relictum,SGS1-like,MTINSINSQNDSNKKDEHYKELDTLLEDRDESQHNRISFLTTLTNWGNFVFYEIKNNISIYILSLIYLCVCVMNKVFAKRTMNIIGNYSFVTSEIHNTICVFVFFMVHLFFNKYDNYINNRRKVPIINILLISLLDASTVIISFIGLTRTTGNMQSFALQLSIPINMFFCFLILKYRYHLLNYLGALIIVATIATVEMKMSMETQEENSIIFNLIFISSLIPLCFSSMTREIVFKKYKINILKLNAIVSLFQIFTTCLILPVYTLPFLKQAHLPFSEIPVNIKNGFSCLFWGKNTVVENCGYGMPRMCDNCEGAWKTFITYSFFNICDNLVSSYIINKFSTMTYTIVSCIQGPAIAIAYYFKFIAGDAMRKPRILDFLTLFGYLCGSIIYRTGNIILEGIKAREEDDEESMIEQ,,,,0,,
77,P. yoelii,17X,MTVIKKGKNKKKNLKNDDRYKELDSLITNGSEIGDNSGRSCIKRFFKIIGNEMKNNVYVYFLSILYLCVCVMNKVFAKRTLNKMGNYSFVTSETHNIICIVVFQLLYFIYRKTSTSGYKNESQKNFGWQFFLISLLDASTVIISMIGLTRTTGNIQSFIMQLIIPVNMYFCFMFLGYRYHLFNYLGAFIILITIAVVETFLSFETQSENSIIFNLIMISALIPLSFSNMTREVVFKKHKINILRLNAMVVLFQFFTSLLVLPVYNIPFLKEIYMPFSEMSTNINNGLRCLFYGQNTVVENCGVGMVKMCDNCEGAWKTFITFSFFNICDNLLACYIIDKFSTMTYTIVSCIQGPAITIAYYFKFLAGDAVRKPRILDFLTLFGYLFGTIIYRIGNIILEKKKMVKSQNSNDSEAELTCIETSTA,,,,0,,
78,P. berghei,ANKA,MTGIKKGKNKKKNMKNDDRYKELDSLITNGSEIGNNSGRSCVKRFFKIIGNEMKNNVYVYLLSILYLCVCVMNKVFAKRTLNKMGNYSFVTSETHNIICIIVFQLLYFIYRKTSSSSVYKNESQKNFGWQFFLISLLDASTVIISMIGLTRTTGNIQSFIMQLIIPVNMYFCFMFLGYRYHLFNYLGAFIILITIAVVETFLSFETQGENSIIFNLIMISALIPLSFSNMTREVVFKKHKINILRLNAMVVLFQFFTSLLVLPVYNIPFLKEIYMPFSEMSTNINNGLRCLFYGENTIVENCGVGMVKMCDNCEGAWKTFITFSFFNICDNLLACYIIDKFSTMTYTIVSCIQGPAITIAYYFKFLAGDAVRKPRILDFLTLFGYLFGTIIYRIGNIILEKKQVIKSQNSNDSEAELTSIETSRA,,,,0,,
79,P. knowlesi,strain H,MKILKKKKKGNQQIVPDERYRELDSHAPNENEIADEAPMSRKILYYLKLVYHEIRENITIYLLIILYLCVCVMNKIMAKRTLKKIGNYSFVTSETHNTICMVVFFSLYFIFGRRVTSAKERHQNFGLQFLLISLLDACSVIIAFIGLTRTTGNIQSFVMQLSIPINMFFCFLILRYRYHLFNYVGASIIVLTIAIVEFILSFETQEENSIVFNLVLIASLIPMSFSNMTREIVFKKYKINILRLNAVVSFFQIFTSCLMLPMYTLPFLKQINLPFSEIGTNIKNGFRCLILGQNTIVENCGLGMAKMCDDCEGAWKTFLAYSFFNICDNLITSFIIDKFSTMTYTIVSCIQGPAIAIAYYFKFLAGDAVMKPRVLDFVTLFGYLFGSIIYRVGNIILEKKKMMEAGNDDDSEGELTNAESIITQ,,,,1,,
80,P. vivax,Sal-1,MTILKKKKKGSPQITPDERYRELDSHAQNESEIQEDVPISRKIANFLKLAYNEIRENISIYLLIIVYLCVCVMNKLLAKRTLKKIGNYSFVTSETHNCICMVVFFALYFMFGRRVMSAKERHRNFGVQFLLISLLDACSVIIAFIGLTRTTGNIQSFVMQLSIPINMFFCFLILRYRYHLFNYVGAFIIVVTIAVVEFMLSFETQEENSIVFNLVLIASLIPLSFSNMTREIVFKKYKINILRLNAVVSFFQIFTSCLMLPMYTLPFLKQINLPFSEIGTNIKNGFRCLFLGQNTIVENCGLGMSKMCDDCEGAWKTFIAYSFFNICDNLITSFIIEKFSTMTYTIVSCIQGPAIAIAYYFKFLAGDAVMQPRMLDFVTLFGYLFGSIIYRIGNIILEKKRMMEAGNDDDSEGELTNADSIITH,,,,,,
